8;fightAgain
17;tooltip_mc
21;rankClip
25;winner_mc
43;GraphHolder
96;__Packages.ibTextEffect
97;__Packages.ibTextEffects_VivaTypeIn
98;__Packages.GraphHolder
99;__Packages.Tooltip
43;GraphHolder
43;GraphHolder
43;GraphHolder
43;GraphHolder
43;GraphHolder
43;GraphHolder
43;GraphHolder
43;GraphHolder
43;GraphHolder
43;GraphHolder
43;GraphHolder
43;GraphHolder
43;GraphHolder
43;GraphHolder
43;GraphHolder
43;GraphHolder
43;GraphHolder
43;GraphHolder
43;GraphHolder
43;GraphHolder
43;GraphHolder
43;GraphHolder
